DuFortFrankel;5.000000
Richardson;10.000000
Laasonen0.010000;2.000000
Laasonen0.025000;1.000000
Laasonen0.050000;1.000000
Laasonen0.100000;0.000000
CrankNicolson;2.000000
