DuFortFrankel;6.000000
Richardson;4.000000
Laasonen0.010000;1.000000
Laasonen0.025000;0.000000
Laasonen0.050000;0.000000
Laasonen0.100000;0.000000
CrankNicolson;1.000000
